Citi_ID,City,Country,Lat,Lng,Max Temp,Humidity,Cloudiness,Wind Speed
0,Coahuayana,MX,18.7333,-103.6833,76.93,82,0,3.71
1,Dikson,RU,73.5069,80.5464,-9.9,100,96,5.57
2,Punta Arenas,CL,-53.15,-70.9167,51.91,62,0,17.27
3,Rikitea,PF,-23.1203,-134.9692,74.17,87,81,18.14
4,Kayes,ML,14.0,-11.0,79.23,16,6,2.95
5,Hobart,AU,-42.8794,147.3294,56.26,72,75,2.3
6,Parabel,RU,58.6978,81.4825,32.2,98,100,6.35
7,Esperance,AU,-33.8667,121.9,57.04,70,96,19.73
8,Ushuaia,AR,-54.8,-68.3,55.06,44,0,9.22
9,Maceio,BR,-9.6658,-35.7353,76.77,88,16,7.4
10,Byron Bay,AU,-28.65,153.6167,80.94,62,9,14.54
11,Lebu,CL,-37.6167,-73.65,54.88,81,34,8.86
12,Vaini,TO,-21.2,-175.2,76.96,86,78,21.45
13,Vostok,RU,46.4856,135.8833,26.08,93,100,5.7
14,Artvin,TR,41.1667,41.8333,44.28,86,19,1.28
15,Chuy,UY,-33.6971,-53.4616,64.51,94,100,10.18
16,Norman Wells,CA,65.282,-126.8329,17.47,93,100,4.29
17,Thompson,CA,55.7435,-97.8558,-1.46,99,57,2.95
18,Avarua,CK,-21.2078,-159.775,77.05,61,40,13.8
19,Blagoyevo,RU,63.3667,47.9167,33.35,99,100,4.59
20,Ugoofaaru,MV,5.6667,73.0,80.98,77,92,10.47
21,Albany,US,42.6001,-73.9662,51.64,71,84,8.34
22,Severo-Kurilsk,RU,50.6789,156.125,35.85,63,100,17.34
23,Mar Del Plata,AR,-38.0023,-57.5575,66.09,95,100,11.5
24,Nioro,GM,13.35,-15.75,72.75,41,42,4.68
25,Hilo,US,19.7297,-155.09,81.25,76,40,12.66
26,Sao Filipe,CV,14.8961,-24.4956,76.73,72,6,8.25
27,Lavrentiya,RU,65.5833,-171.0,16.11,81,9,11.5
28,Ilulissat,GL,69.2167,-51.1,32.02,43,75,6.91
29,Nanortalik,GL,60.1432,-45.2371,30.06,82,99,5.88
30,Mount Gambier,AU,-37.8333,140.7667,67.91,83,40,11.5
31,West Bay,KY,19.3667,-81.4167,81.07,85,0,1.01
32,La Tuque,CA,47.4334,-72.7824,43.38,95,100,1.61
33,Qaanaaq,GL,77.484,-69.3632,0.91,66,90,2.89
34,Krasnoselkup,RU,65.7,82.4667,-17.46,96,16,9.13
35,Waingapu,ID,-9.6567,120.2641,83.12,73,98,2.89
36,Cape Town,ZA,-33.9258,18.4232,62.35,87,0,3.0
37,Bethel,US,41.3712,-73.414,59.94,73,100,1.99
38,Brae,GB,60.3964,-1.353,52.95,96,100,9.35
39,Ribeira Grande,PT,38.5167,-28.7,58.77,73,100,1.01
40,Kapaa,US,22.0752,-159.319,80.58,84,100,18.41
41,Saint Anthony,US,45.0205,-93.218,28.33,64,100,13.8
42,Lucea,JM,18.451,-78.1736,75.85,80,97,9.55
43,Upernavik,GL,72.7868,-56.1549,11.16,85,52,12.12
44,Carutapera,BR,-1.195,-46.02,79.11,78,46,7.96
45,Busselton,AU,-33.65,115.3333,58.75,51,47,12.08
46,Yar-Sale,RU,66.8333,70.8333,-3.35,98,79,10.69
47,Mataura,NZ,-46.1927,168.8643,50.32,97,95,3.96
48,Provideniya,RU,64.3833,-173.3,15.66,75,3,8.59
49,Dong Hoi,VN,17.4833,106.6,75.51,89,99,2.17
50,Presidencia Roque Saenz Pena,AR,-26.7852,-60.4388,69.24,97,78,9.8
51,Atuona,PF,-9.8,-139.0333,77.85,78,6,15.19
52,Kavaratti,IN,10.5669,72.642,79.5,79,100,8.5
53,Narsaq,GL,60.9167,-46.05,32.22,76,93,3.11
54,Esmeralda,CU,21.8525,-78.1169,76.14,86,97,5.06
55,Leningradskiy,RU,69.3833,178.4167,7.74,84,99,2.82
56,Carnarvon,AU,-24.8667,113.6333,66.34,41,0,19.98
57,Bushenyi,UG,-0.5853,30.2114,59.4,98,100,1.74
58,Bhag,PK,29.0415,67.8239,72.18,37,85,4.14
59,North Myrtle Beach,US,33.816,-78.68,69.85,91,0,12.66
60,Vila Franca Do Campo,PT,37.7167,-25.4333,60.19,73,95,9.6
61,Butaritari,KI,3.0707,172.7902,80.19,73,100,14.25
62,Clarksburg,US,39.2807,-80.3445,39.9,93,100,10.36
63,Arlit,NE,18.7369,7.3853,73.63,22,41,5.86
64,Sault Sainte Marie,CA,46.5168,-84.3333,28.96,69,100,12.66
65,Barrow,US,71.2906,-156.7887,12.22,92,100,6.91
66,Atambua,ID,-9.1061,124.8925,82.22,68,73,1.5
67,Madison,US,34.7334,-86.5667,40.1,81,100,11.5
68,Avera,US,33.194,-82.5271,69.31,80,86,11.39
69,Puerto Ayora,EC,-0.7393,-90.3518,69.55,86,32,7.0
70,Abu Samrah,SY,35.3029,37.1841,60.26,54,7,6.44
71,Port Elizabeth,ZA,-33.918,25.5701,63.32,76,20,18.41
72,Touros,BR,-5.1989,-35.4608,78.76,81,6,11.25
73,Sembe,CG,1.6481,14.5806,69.73,97,58,1.07
74,Karaton,ID,-6.3424,106.1045,75.0,93,100,3.13
75,Tuktoyaktuk,CA,69.4541,-133.0374,10.4,92,100,3.44
76,East London,ZA,-33.0153,27.9116,65.82,91,100,20.07
77,Vila,PT,42.0304,-8.1588,49.08,92,94,4.18
78,Coihaique,CL,-45.5752,-72.0662,57.81,62,0,2.3
79,Rawson,AR,-43.3002,-65.1023,59.67,62,88,17.25
80,Tuatapere,NZ,-46.1333,167.6833,50.61,95,100,3.06
81,Alofi,NU,-19.0595,-169.9187,84.09,58,78,14.97
82,Bluff,NZ,-46.6,168.3333,50.63,87,100,15.19
83,Aykhal,RU,66.0,111.5,-18.27,98,100,17.54
84,Neiafu,TO,-18.65,-173.9833,79.47,78,43,13.24
85,Betare Oya,CM,5.6,14.0833,67.84,89,8,2.93
86,Castro,BR,-24.7911,-50.0119,62.11,89,69,2.86
87,Fortuna,US,40.5982,-124.1573,54.66,87,100,9.22
88,Port Alfred,ZA,-33.5906,26.891,60.19,96,100,5.01
89,Bandarban,BD,22.1965,92.2262,60.96,95,54,2.33
90,Prainha,BR,-1.8,-53.48,80.74,64,95,1.68
91,Zhangye,CN,38.9342,100.4517,29.35,51,73,2.26
92,Atar,MR,20.5169,-13.0499,75.06,12,1,7.56
93,Khiri Mat,TH,16.8333,99.8,71.64,86,98,4.92
94,Cerrito,CO,6.8432,-72.694,54.99,96,99,0.56
95,Lagoa,PT,39.05,-27.9833,60.3,60,100,25.59
96,Goderich,CA,43.7501,-81.7165,40.91,96,100,16.11
97,Hami,CN,42.8,93.45,29.95,58,18,1.52
98,Haines Junction,CA,60.7522,-137.5108,27.97,93,25,6.02
99,Hay River,CA,60.8156,-115.7999,14.4,92,42,8.1
100,San Cristobal,VE,7.7669,-72.225,69.98,98,100,1.43
101,Nikolskoye,RU,59.7035,30.7861,48.09,62,47,17.63
102,Souillac,MU,-20.5167,57.5167,70.25,75,1,5.48
103,Gorban,RO,46.8761,28.0789,38.01,65,6,2.06
104,Namibe,AO,-15.1961,12.1522,63.72,76,30,8.52
105,Kruisfontein,ZA,-34.0033,24.7314,59.88,64,28,18.21
106,Ambon,ID,-3.6954,128.1814,86.14,70,20,3.44
107,Chilliwack,CA,49.1747,-121.9443,46.92,53,15,14.97
108,Cherskiy,RU,68.75,161.3,-13.43,96,100,9.42
109,Wahiawa,US,21.5028,-158.0236,79.12,61,40,16.11
110,Lompoc,US,34.6391,-120.4579,62.78,70,100,13.8
111,Olinda,BR,-8.0089,-34.8553,78.53,78,75,5.75
112,Grindavik,IS,63.8424,-22.4338,42.75,81,40,17.27
113,New Norfolk,AU,-42.7826,147.0587,55.92,62,100,1.99
114,Umba,RU,66.6871,34.3429,36.14,79,96,16.13
115,Arraial Do Cabo,BR,-22.9661,-42.0278,72.95,92,7,11.45
116,Hima,UG,0.2958,30.1804,62.96,94,100,1.1
117,Cidreira,BR,-30.1811,-50.2056,68.63,90,90,17.78
118,Khatanga,RU,71.9667,102.5,-24.54,98,97,8.14
119,Yellowknife,CA,62.456,-114.3525,19.92,100,100,6.91
120,Georgetown,MY,5.4112,100.3354,79.23,94,20,0.0
121,Pevek,RU,69.7008,170.3133,-0.8,95,100,6.87
122,Tshikapa,CD,-6.4167,20.8,67.8,96,63,0.96
123,Pochutla,MX,15.7432,-96.4661,78.82,88,71,2.62
124,Quang Ngai,VN,15.1167,108.8,76.23,90,100,4.97
125,Chillicothe,US,39.3331,-82.9824,35.26,90,100,10.36
126,Kodiak,US,57.79,-152.4072,44.11,70,40,10.36
127,Porto Walter,BR,-8.2686,-72.7439,80.49,65,96,2.93
128,Moose Factory,CA,51.2585,-80.6094,24.8,93,100,8.05
129,Tiksi,RU,71.6872,128.8694,-16.73,100,99,3.62
130,Lorengau,PG,-2.0226,147.2712,82.81,79,88,5.28
131,Nantucket,US,41.2835,-70.0995,62.71,89,0,13.8
132,Malumfashi,NG,11.7853,7.6218,69.89,26,9,7.92
133,Saskylakh,RU,71.9167,114.0833,-16.91,98,99,8.59
134,Caravelas,BR,-17.7125,-39.2481,76.03,85,86,9.35
135,Camana,PE,-16.6228,-72.7111,66.13,81,41,6.02
136,Itoman,JP,26.1247,127.6694,79.18,89,75,12.66
137,Labuhan,ID,-6.8844,112.2051,79.74,84,100,7.47
138,Vallenar,CL,-28.5708,-70.7581,60.84,61,100,4.56
139,Kaitangata,NZ,-46.2817,169.8464,61.3,61,87,10.54
140,Kuala Lipis,MY,4.1842,102.0468,73.58,99,98,0.69
141,Bambous Virieux,MU,-20.3428,57.7575,71.85,73,40,0.0
142,Arcata,US,40.8665,-124.0828,54.93,87,100,4.61
143,Hermanus,ZA,-34.4187,19.2345,60.8,86,3,10.49
144,Nouadhibou,MR,20.931,-17.0347,67.98,94,75,12.66
145,Luang Prabang,LA,19.8856,102.1347,64.36,94,75,0.0
146,Iquitos,PE,-3.7481,-73.2472,77.04,88,75,1.14
147,Dicabisagan,PH,17.0818,122.4157,81.88,80,5,4.0
148,Talnakh,RU,69.4865,88.3972,-27.35,92,15,3.06
149,Le Port,RE,-20.9373,55.2919,77.9,93,21,1.59
150,Sibolga,ID,1.7427,98.7792,74.86,98,100,2.44
151,Necochea,AR,-38.5473,-58.7368,59.83,99,100,7.34
152,Sept-Iles,CA,50.2001,-66.3821,27.05,81,100,10.36
153,Campo Verde,BR,-20.4167,-54.0667,71.65,74,41,7.63
154,Progreso,MX,21.2833,-89.6667,81.1,74,0,9.46
155,Mosquera,CO,4.7059,-74.2302,57.29,88,40,3.44
156,Torbay,CA,47.6666,-52.7314,49.75,98,100,5.75
157,Port Lincoln,AU,-34.7333,135.8667,62.85,71,57,24.67
158,Severomuysk,RU,56.1481,113.4267,-1.97,83,82,2.1
159,Ramsey,US,45.0333,-93.0835,28.49,66,100,11.5
160,Berlevag,NO,70.8578,29.0864,37.35,65,75,4.61
161,Kahului,US,20.8947,-156.47,82.42,69,40,18.41
162,Clyde River,CA,70.4692,-68.5914,-7.37,84,0,0.0
163,Bereda,ES,43.2686,-7.5406,52.41,100,69,1.88
164,Paralimni,CY,35.0375,33.9833,63.48,61,0,17.4
165,Faanui,PF,-16.4833,-151.75,76.26,85,100,15.19
166,Hithadhoo,MV,-0.6,73.0833,81.36,73,71,17.11
167,Lyubech,UA,51.7026,30.6569,47.66,89,66,11.79
168,Herat,AF,34.5,62.0,48.47,55,100,6.76
169,Smithers,CA,54.7804,-127.1743,28.35,95,100,0.2
170,Bredasdorp,ZA,-34.5322,20.0403,60.35,81,3,10.42
171,Paragominas,BR,-2.9667,-47.4833,75.74,87,44,4.21
172,Miramar,US,25.9873,-80.2323,81.0,82,100,9.22
173,Broken Hill,AU,-31.95,141.4333,72.82,53,92,8.61
174,Hambantota,LK,6.1241,81.1185,77.2,83,100,1.97
175,Igrim,RU,63.1906,64.4162,2.16,97,93,5.17
176,Ous,RU,60.9058,61.5186,16.48,94,100,9.01
177,Victoria,HK,22.2855,114.1577,78.94,88,18,1.99
178,Khandyga,RU,62.6667,135.6,-1.16,97,100,7.05
179,Vao,NC,-22.6667,167.4833,72.77,79,99,22.62
180,Cabo San Lucas,MX,22.8909,-109.9124,79.61,64,40,11.5
181,Akyab,MM,20.15,92.9,69.89,87,1,7.99
182,Portland,US,45.5234,-122.6762,53.53,61,0,1.01
183,Jamestown,US,42.097,-79.2353,37.04,78,100,8.05
184,Faya,SA,18.3851,42.4509,53.71,75,8,1.48
185,Guerrero Negro,MX,27.9769,-114.0611,67.01,43,69,12.75
186,Great Yarmouth,GB,52.6083,1.7305,54.45,89,69,9.28
187,Laguna,US,38.421,-121.4238,60.06,64,0,5.75
188,Bhigvan,IN,18.3167,74.7667,66.09,65,84,7.29
189,Narrabri,AU,-30.3167,149.7833,64.49,88,75,4.61
190,Arequipa,PE,-16.3989,-71.535,59.07,44,0,3.44
191,Saquena,PE,-4.6667,-73.5167,75.94,94,100,1.21
192,San Patricio,US,28.017,-97.5169,61.84,43,31,11.86
193,Xichang,CN,27.8964,102.2634,48.18,85,18,1.39
194,Ruteng,ID,-8.6136,120.4721,69.4,81,100,1.1
195,Margate,GB,51.3813,1.3862,54.9,97,36,1.01
196,Kimbe,PG,-5.5502,150.1429,88.03,61,90,1.05
197,Uglegorsk,RU,49.0833,142.0333,30.02,64,100,4.5
198,Karratha,AU,-20.7377,116.8463,83.53,16,0,21.47
199,Starovelichkovskaya,RU,45.4288,38.7326,43.14,94,4,9.01
200,Codrington,AU,-38.2667,141.9667,62.4,95,77,7.16
201,Sao Paulo De Olivenca,BR,-3.3783,-68.8725,77.18,82,83,1.95
202,Walvis Bay,NA,-22.9575,14.5053,58.08,87,0,0.0
203,General Pico,AR,-35.6566,-63.7568,67.82,69,93,9.19
204,Poum,NC,-20.2333,164.0167,77.09,79,48,22.5
205,Mezen,RU,65.8522,44.24,31.62,92,100,13.76
206,Itaituba,BR,-4.2761,-55.9836,84.49,52,97,1.66
207,Karasjok,NO,69.4719,25.5112,31.93,93,98,5.37
208,Olafsvik,IS,64.8945,-23.7142,42.67,75,99,14.0
209,Yulara,AU,-25.2406,130.9889,76.53,19,0,13.8
210,Ambulu,ID,-8.345,113.6058,78.85,87,100,1.95
211,Mahon,ES,39.8885,4.2658,59.56,88,0,6.91
212,Gimli,CA,50.6336,-96.9907,24.82,63,95,6.91
213,Pampas,PE,-12.4,-74.9,54.9,71,32,3.11
214,Ponta Do Sol,PT,32.6667,-17.1,68.63,84,100,2.1
215,Liverpool,GB,53.4106,-2.9779,55.94,92,0,5.99
216,Kharp,RU,66.8014,65.8081,1.06,88,100,6.78
217,Puerto Leguizamo,CO,-0.1934,-74.7819,79.9,73,90,1.77
218,Bengkulu,ID,-3.8004,102.2655,75.52,94,100,4.38
219,Gallup,US,35.5281,-108.7426,47.16,33,0,6.91
220,Cherdyn,RU,60.403,56.4787,32.97,98,100,7.94
221,Salalah,OM,17.0151,54.0924,75.29,50,0,2.3
222,Pangnirtung,CA,66.1451,-65.7125,-5.49,86,43,5.86
223,Port Hardy,CA,50.6996,-127.4199,41.18,93,100,2.3
224,Camacha,PT,33.0833,-16.3333,63.82,82,20,1.14
225,Jiayuguan,CN,39.8167,98.3,28.44,50,62,5.68
226,Kovdor,RU,67.5662,30.4758,32.9,96,100,10.2
227,Sarangarh,IN,21.6,83.0833,61.75,64,3,3.04
228,Chokurdakh,RU,70.6333,147.9167,-22.77,99,100,6.91
229,Okhotsk,RU,59.3833,143.3,4.01,74,1,13.65
230,Raga,SS,8.4596,25.678,69.85,35,96,2.21
231,Hukuntsi,BW,-24.0,21.75,70.21,72,51,4.59
232,Malakal,SS,9.5334,31.6605,73.54,28,48,3.47
233,Parit Buntar,MY,5.1267,100.4932,80.29,93,100,2.37
234,Fort Smith,US,35.3859,-94.3986,42.84,48,0,5.75
235,Gijon,ES,43.5357,-5.6615,62.26,87,9,5.01
236,Iqaluit,CA,63.7506,-68.5145,8.33,71,75,5.75
237,Mount Isa,AU,-20.7333,139.5,83.97,61,40,9.22
238,Yumen,CN,40.2833,97.2,28.99,48,32,11.18
239,Pisco,PE,-13.7,-76.2167,64.45,82,50,13.8
240,Lastoursville,GA,-0.8143,12.7287,70.38,99,87,2.01
241,Sangmelima,CM,2.9333,11.9833,66.61,94,20,1.83
242,Saint-Augustin,CA,51.226,-58.6502,25.43,77,100,22.86
243,Poddorye,RU,57.4695,31.1156,45.46,77,4,13.62
244,Rio Verde De Mato Grosso,BR,-18.9181,-54.8442,77.2,57,82,8.43
245,Ormara,PK,25.2088,64.6357,79.61,74,4,9.82
246,La Ronge,CA,55.1001,-105.2842,17.85,73,100,16.11
247,Adrar,MR,20.5022,-10.0711,71.8,13,11,9.4
248,Tasiilaq,GL,65.6145,-37.6368,35.76,75,100,35.75
249,Hasaki,JP,35.7333,140.8333,71.22,68,4,20.65
250,Nome,US,64.5011,-165.4064,21.27,68,0,5.75
251,Bathsheba,BB,13.2167,-59.5167,81.21,78,40,14.97
252,Uribia,CO,11.7139,-72.266,80.62,75,100,8.48
253,Lasa,IT,46.6166,10.7002,49.08,45,67,1.01
254,Banjarmasin,ID,-3.3244,114.591,80.74,91,99,2.91
255,Willowmore,ZA,-33.2926,23.4895,57.22,54,3,4.52
256,Bara,NG,10.3744,10.7288,73.83,30,8,6.53
257,Lazaro Cardenas,MX,17.9583,-102.2,78.82,81,2,5.57
258,Khorixas,NA,-20.3667,14.9667,58.06,54,1,7.63
259,Aden,YE,12.7794,45.0367,78.82,75,2,15.12
260,Aksarka,RU,66.5606,67.7975,-4.32,96,91,7.63
261,Fairbanks,US,64.8378,-147.7164,35.94,88,75,0.0
262,Manali,IN,13.1667,80.2667,77.09,89,98,4.76
263,Safaga,EG,26.7292,33.9365,73.76,51,1,12.46
264,Iskateley,RU,67.6803,53.1512,16.45,95,100,11.14
265,Kaspiysk,RU,42.8816,47.6392,41.18,100,100,4.47
266,Khorinsk,RU,52.1657,109.7726,11.82,92,43,2.35
267,Acarau,BR,-2.8856,-40.12,79.23,77,57,12.97
268,Oxbow,CA,49.2333,-102.1676,3.45,98,91,7.65
269,Port Blair,IN,11.6667,92.75,79.0,80,78,9.28
270,Sikasso,ML,10.9167,-7.0,76.53,50,4,2.55
271,Tura,IN,25.5198,90.2201,60.28,72,0,3.31
272,Bangassou,CF,4.7413,22.8184,67.01,93,66,2.39
273,Eureka,US,40.8021,-124.1637,54.93,91,97,4.5
274,Merrill,US,45.1805,-89.6835,28.89,76,0,10.36
275,Sangar,RU,63.9242,127.4739,1.96,93,100,20.76
276,Brumado,BR,-14.2036,-41.6653,73.71,78,76,1.99
277,Paciran,ID,-6.8767,112.3761,80.02,83,100,6.71
278,Mahebourg,MU,-20.4081,57.7,69.26,72,2,6.62
279,Samarai,PG,-10.6167,150.6667,82.72,71,95,11.41
280,Thinadhoo,MV,0.5333,72.9333,81.41,77,79,17.36
281,Oranjemund,NA,-28.55,16.4333,58.98,92,0,1.9
282,Saint-Philippe,RE,-21.3585,55.7679,67.59,74,0,5.14
283,Mayo,US,38.8876,-76.5119,67.5,85,0,0.0
284,Toora-Khem,RU,52.4675,96.11,12.52,89,97,2.06
285,Vesyegonsk,RU,58.664,37.2604,43.77,68,67,19.39
286,Nata,PA,8.3333,-80.5167,76.37,89,97,4.05
287,Honningsvag,NO,70.9821,25.9704,38.95,75,100,3.44
288,Johnson City,US,36.3134,-82.3535,49.89,82,100,12.66
289,Conde,BR,-7.2597,-34.9075,74.66,100,75,0.0
290,Luderitz,NA,-26.6481,15.1594,57.47,87,0,8.9
291,Erseke,AL,40.3378,20.6789,41.14,94,100,5.19
292,Beloha,MG,-25.1667,45.05,71.28,80,70,18.25
293,Tautira,PF,-17.7333,-149.15,75.06,84,100,9.8
294,Bani Walid,LY,31.7566,13.9942,59.5,75,0,4.36
295,Groningen,NL,53.25,6.75,39.27,100,100,3.44
296,Jalu,LY,29.0331,21.5482,65.91,50,86,5.93
297,Ingham,US,42.6,-84.3833,37.35,72,96,9.13
298,Richards Bay,ZA,-28.783,32.0377,74.89,89,100,14.88
299,Anito,PH,12.4497,125.2886,81.18,88,95,10.85
300,Port Macquarie,AU,-31.4333,152.9167,79.9,60,59,12.24
301,Junagarh,IN,19.8667,82.9333,60.98,83,61,1.79
302,Miri,MY,4.4148,114.0089,76.98,90,100,5.82
303,Ahipara,NZ,-35.1667,173.1667,64.83,68,92,8.52
304,Chirongui,YT,-12.9319,45.1483,76.93,78,6,4.79
305,Bafata,GW,12.1667,-14.75,71.1,53,38,3.78
306,Katherine,AU,-14.4667,132.2667,86.32,62,75,12.66
307,Emerald,AU,-23.5333,148.1667,80.35,51,14,13.22
308,Aripuana,BR,-9.1667,-60.6333,77.94,64,53,0.92
309,Arauca,CO,7.0847,-70.7591,74.08,94,86,3.0
310,Isangel,VU,-19.55,169.2667,76.95,84,100,18.72
311,Bac Lieu,VN,9.285,105.7244,78.01,90,98,9.95
312,Wanning,CN,18.8003,110.3967,76.84,86,98,5.73
313,Zemio,CF,5.0314,25.1361,66.16,79,54,1.12
314,Oistins,BB,13.0667,-59.5333,80.69,78,40,14.97
315,Lodja,CD,-3.4833,23.4333,68.36,93,86,0.54
316,Amalapuram,IN,16.5833,82.0167,74.07,78,84,5.46
317,Beihai,CN,21.4833,109.1,73.56,87,25,8.3
318,Yeppoon,AU,-23.1333,150.7333,83.98,62,0,10.8
319,Amapa,BR,1.0,-52.0,75.74,83,88,2.55
320,Les Cayes,HT,18.2,-73.75,78.17,82,52,2.93
321,Litovko,RU,49.2361,135.1742,24.67,77,15,4.41
322,Lukh,RU,57.0124,42.2584,45.28,71,64,25.93
323,Rangapara,IN,26.8167,92.65,59.99,76,3,4.14
324,Hwange,ZW,-18.3693,26.5019,70.75,85,100,2.01
325,Nieuw Amsterdam,SR,5.8833,-55.0833,77.02,90,20,2.3
326,Shimoda,JP,34.6667,138.95,70.16,71,46,13.58
327,Pacific Grove,US,36.6177,-121.9166,60.12,70,0,20.0
328,Warrnambool,AU,-38.3833,142.4833,63.39,93,79,6.02
329,Gondanglegi,ID,-7.7479,112.0132,78.58,87,100,9.15
330,Ilhabela,BR,-23.7781,-45.3581,71.11,92,22,3.22
331,Aloleng,PH,16.1307,119.7824,82.0,74,15,8.12
332,Zubova Polyana,RU,54.0771,42.8372,49.91,66,63,21.94
333,Puerto Escondido,MX,15.85,-97.0667,83.23,65,40,10.36
334,Viedma,AR,-40.8135,-62.9967,55.33,79,60,10.83
335,Nefteyugansk,RU,61.0998,72.6035,18.79,96,93,7.07
336,Yarega,RU,63.4354,53.5765,22.59,96,100,8.57
337,Cabedelo,BR,-6.9811,-34.8339,75.87,82,25,8.32
338,Lebanon,US,36.2081,-86.2911,34.65,87,100,11.5
339,Bagdarin,RU,54.4333,113.6,8.15,89,29,2.98
340,Koumac,NC,-20.5667,164.2833,78.04,75,46,18.95
341,Kovrov,RU,56.3572,41.3192,45.75,67,77,19.69
342,Saint George,US,37.1041,-113.5841,58.95,26,0,4.61
343,Ankazoabo,MG,-22.2833,44.5167,75.65,58,49,7.23
344,Camopi,GF,3.1655,-52.3158,72.66,98,95,2.66
345,Changji,CN,44.0167,87.3167,34.59,60,0,6.71
346,Maniitsoq,GL,65.4167,-52.9,28.71,66,100,3.56
347,Ostrovnoy,RU,68.0531,39.5131,34.29,86,100,27.47
348,Rio Grande,BR,-32.035,-52.0986,69.91,93,100,15.97
349,Gat,IL,31.61,34.7642,69.4,21,0,6.02
350,Mineiros,BR,-17.5694,-52.5511,69.53,80,97,1.54
351,Kismayo,SO,-0.3582,42.5454,77.23,83,12,7.54
352,Tual,ID,-5.6667,132.75,84.13,70,100,3.04
353,Nagua,DO,19.3832,-69.8474,77.41,85,15,5.93
354,Vila Velha,BR,-20.3297,-40.2925,75.15,90,75,14.97
355,Ixtapa,MX,20.7,-105.2,79.83,69,0,8.05
356,Basco,PH,20.4487,121.9702,81.12,84,8,14.32
357,Kamenka,RU,51.3223,42.7678,49.77,79,100,20.92
358,Ozorkow,PL,51.9634,19.2914,46.08,98,100,4.16
359,Aklavik,CA,68.2191,-135.0107,10.4,92,40,3.44
360,Ust-Kuyga,RU,70.0167,135.6,-29.18,100,99,2.77
361,San Rafael,AR,-34.6177,-68.3301,54.36,85,100,11.45
362,Espinosa,BR,-14.9261,-42.8192,71.98,82,100,3.15
363,Bubaque,GW,11.2833,-15.8333,82.45,64,53,8.39
364,Kavieng,PG,-2.5744,150.7967,84.88,70,100,10.04
365,Kangaba,ML,11.9333,-8.4167,74.66,33,0,2.53
366,Heihe,CN,50.2441,127.4902,1.98,83,5,3.06
367,San Vicente,AR,-26.6167,-54.1333,66.13,98,100,3.56
368,Padang,ID,-0.9492,100.3543,75.25,95,100,3.56
369,Dudinka,RU,69.4058,86.1778,-27.8,97,11,6.93
370,Harpalpur,IN,25.2884,79.3347,63.59,50,5,4.61
371,Christchurch,NZ,-43.5333,172.6333,70.48,60,70,12.66
372,Qingquan,CN,30.4511,115.2559,59.92,54,100,7.54
373,Mantua,IT,45.1667,10.7833,57.34,91,86,1.99
374,Najran,SA,17.4924,44.1277,61.45,42,0,1.45
375,Kutum,SD,14.2,24.6667,62.96,31,1,8.55
376,Port Keats,AU,-14.25,129.55,88.74,61,26,10.04
377,Palauig,PH,15.435,119.9045,83.73,68,10,2.24
378,Myrtle Beach,US,33.6891,-78.8867,69.84,87,0,6.91
379,Beeville,US,28.4008,-97.7483,60.3,35,0,5.75
380,Chapais,CA,49.7834,-74.8492,31.78,97,100,5.79
381,Road Town,VG,18.4167,-64.6167,80.69,89,20,5.75
382,Abalak,RU,58.1286,68.5944,30.18,93,100,5.48
383,Santo Augusto,BR,-27.8508,-53.7772,70.36,83,100,6.73
384,Blackwater,AU,-23.5833,148.8833,83.59,35,7,11.9
385,Samfya,ZM,-11.3649,29.5565,68.02,81,91,2.46
386,Dibulla,CO,11.2725,-73.3091,78.15,88,92,3.67
387,Brownsville,US,25.9018,-97.4975,58.98,58,20,14.97
388,Hauterive,FR,46.0901,3.4459,43.56,75,99,2.33
389,Cayenne,GF,4.9333,-52.3333,75.24,94,0,0.0
390,Rantauprapat,ID,2.1,99.8333,74.55,97,100,1.36
391,Noumea,NC,-22.2763,166.4572,82.38,79,98,15.5
392,Capoterra,IT,39.1763,8.9718,64.53,85,0,3.44
393,Zambezi,ZM,-13.5432,23.1047,65.86,94,100,4.63
394,Kasongo-Lunda,CD,-6.4667,16.8167,69.01,97,89,1.1
395,Zomin,UZ,39.9606,68.3958,39.76,50,30,3.38
396,Gladstone,AU,-23.85,151.25,80.53,54,2,8.05
397,Saint-Denis,FR,48.9167,2.3333,51.58,95,20,6.91
398,Whitehorse,CA,60.7161,-135.0538,36.37,64,40,14.97
399,Serafimovich,RU,49.5786,42.736,49.62,83,86,22.95
400,Imeni Zhelyabova,RU,58.9544,36.5956,43.43,70,52,18.45
401,Rudnogorsk,RU,57.2639,103.7519,23.49,91,100,7.7
402,Fernie,CA,49.5,-115.0687,23.09,97,7,0.94
403,Henties Bay,NA,-22.116,14.2845,59.47,85,0,12.44
404,Paamiut,GL,61.994,-49.6678,21.43,79,89,5.03
405,Derzhavinsk,KZ,51.1,66.3167,35.33,85,100,26.37
406,Poronaysk,RU,49.2167,143.1167,27.18,79,100,11.34
407,Bangolo,CI,7.0069,-7.475,70.65,98,100,2.35
408,Hobyo,SO,5.3505,48.5268,80.62,71,4,13.09
409,Muravlenko,RU,63.7898,74.523,-0.67,96,100,17.05
410,Naze,JP,28.3667,129.4833,72.52,86,23,10.83
411,Sabzevar,IR,36.2126,57.6819,42.08,70,20,9.22
412,Port Augusta,AU,-32.5,137.7667,70.63,46,63,13.35
413,Sambava,MG,-14.2667,50.1667,71.1,89,27,8.21
414,Gamba,GA,-2.65,10.0,74.93,91,98,5.46
415,Itarema,BR,-2.9248,-39.9167,79.07,76,50,12.86
416,Bayir,TR,37.2687,28.2167,43.32,59,4,2.73
417,Inhambane,MZ,-23.865,35.3833,77.65,84,80,11.23
418,Beyneu,KZ,45.3167,55.2,39.4,67,64,11.5
419,Ripky,UA,51.801,31.0838,47.44,90,54,11.7
420,Anupgarh,IN,29.1911,73.2086,68.27,41,2,5.32
421,Srostki,RU,52.4189,85.7022,33.98,89,100,12.84
422,Jaque,PA,7.5175,-78.1703,76.95,89,100,4.12
423,Abdulino,RU,53.7,53.6667,41.18,95,100,23.06
424,Takoradi,GH,4.8845,-1.7554,77.86,85,35,4.52
425,Ilanskiy,RU,56.2358,96.065,30.25,72,83,10.78
426,Quatre Cocos,MU,-20.2078,57.7625,71.71,71,1,7.34
427,Valparaiso,CL,-33.0393,-71.6273,60.48,100,40,6.91
428,Katsuura,JP,35.1333,140.3,70.72,68,21,20.24
429,Dunedin,NZ,-45.8742,170.5036,61.81,67,82,5.99
430,Buala,SB,-8.145,159.5921,85.01,70,100,6.42
431,Lehututu,BW,-23.9667,21.8667,70.02,72,55,3.85
432,Ust-Ilimsk,RU,58.0006,102.6619,25.07,93,100,9.08
433,Mahajanga,MG,-15.7167,46.3167,75.22,83,40,3.44
434,College,US,64.8569,-147.8028,35.92,86,75,0.0
435,Odweyne,SO,9.4092,45.064,66.38,59,5,7.58
436,Plettenberg Bay,ZA,-34.0527,23.3716,60.76,77,3,9.28
437,Mollendo,PE,-17.0231,-72.0147,65.55,81,37,6.15
438,Murud,IN,18.3258,72.965,72.36,58,56,7.65
439,Talalayivka,UA,50.9578,31.9209,49.24,84,87,12.86
440,Swakopmund,NA,-22.6833,14.5333,57.97,88,0,4.0
441,Palmer,US,42.1584,-72.3287,57.45,67,75,11.5
442,Novobureyskiy,RU,49.798,129.8774,11.03,84,18,3.74
443,Gasa,PS,31.5,34.4667,69.87,44,0,5.37
444,Salinopolis,BR,-0.6136,-47.3561,80.2,79,62,10.71
445,Perdoes,BR,-21.0908,-45.0914,70.09,60,37,0.89
446,Diamantino,BR,-14.4086,-56.4461,72.46,90,100,3.11
447,Kasiri,SL,8.9412,-13.1148,80.78,84,45,4.27
448,Key Largo,US,25.0865,-80.4473,79.99,76,1,4.21
449,Victoria Point,AU,-27.5833,153.3,84.81,65,1,5.99
450,Amlame,TG,7.4667,0.9,72.48,93,72,2.26
451,Sao Joao Da Barra,BR,-21.6403,-41.0511,75.29,90,40,17.87
452,Hata,IN,26.7461,83.7403,60.44,59,3,4.83
453,Bonavista,CA,48.6499,-53.1147,34.9,97,100,31.21
454,Roma,US,43.2128,-75.4557,45.82,93,100,0.0
455,Deputatskiy,RU,69.3,139.9,-23.75,100,81,2.91
456,Okha,RU,53.5739,142.9478,25.21,68,10,8.95
457,Rosetta,EG,31.4044,30.4164,70.75,66,3,10.27
458,Magadan,RU,59.5667,150.8,-7.47,79,44,4.65
459,Novyy Urgal,RU,51.0736,132.5642,9.81,85,50,1.9
460,Flinders,AU,-34.5833,150.8552,70.18,83,100,7.0
461,Halifax,CA,44.6453,-63.5724,62.49,96,100,21.0
462,Abbeville,FR,50.1,1.8333,46.36,82,24,7.0
463,Abu Dhabi,AE,24.4667,54.3667,79.97,85,0,4.61
464,Sorong,ID,-0.8833,131.25,82.81,73,100,2.28
465,Saldanha,ZA,-33.0117,17.9442,59.05,88,1,8.93
466,Santa Rita,BR,-7.1139,-34.9781,75.87,100,75,0.0
467,Bouake,CI,7.6895,-5.0218,73.51,94,40,4.61
468,Anloga,GH,5.7947,0.8973,80.4,81,88,9.93
469,Ketchikan,US,55.3422,-131.6461,37.87,93,100,12.66
470,Brigg,GB,53.552,-0.4921,53.85,94,0,16.11
471,Cockburn Town,TC,21.4612,-71.1419,81.73,73,34,13.24
472,Airai,TL,-8.9266,125.4092,70.43,72,76,1.99
473,Srednekolymsk,RU,67.45,153.6833,-23.94,99,78,7.58
474,Kisaran,ID,2.9845,99.6158,74.84,96,100,2.8
475,Pouebo,NC,-20.4,164.5667,79.61,72,55,10.0
476,Grand Gaube,MU,-20.0064,57.6608,72.0,69,0,1.99
477,Puerto Colombia,CO,10.9878,-74.9547,78.89,81,99,11.68
478,Zhigansk,RU,66.7697,123.3711,3.02,97,100,4.18
479,Flin Flon,CA,54.7682,-101.865,15.64,79,100,8.05
480,Los Llanos De Aridane,ES,28.6585,-17.9182,65.95,73,20,8.01
481,Te Anau,NZ,-45.4167,167.7167,46.76,95,100,0.78
482,Lakes Entrance,AU,-37.8811,147.981,77.16,70,87,7.09
483,Puerto Ayacucho,VE,5.6639,-67.6236,77.32,85,100,3.62
484,Shieli,KZ,44.1667,66.75,29.19,61,0,1.97
485,Rio Gallegos,AR,-51.6226,-69.2181,48.25,53,20,9.22
486,Strezhevoy,RU,60.7333,77.5889,21.76,96,100,7.49
487,Humaita,BR,-7.5061,-63.0208,81.5,70,100,1.81
488,Jiangkou,CN,25.4872,119.1986,72.95,78,6,2.82
489,Jinxi,CN,30.4323,116.2922,58.19,62,100,7.85
490,Macamic,CA,48.7502,-78.9996,20.16,93,100,7.99
491,Mnogovershinnyy,RU,53.9353,139.9242,13.93,83,12,5.48
492,Iwaki,JP,37.05,140.8833,68.02,76,16,3.0
493,Shache,CN,38.4167,77.2406,35.78,39,31,1.48
494,Wanlaweyn,SO,2.6185,44.8938,75.63,89,27,4.83
495,Vuktyl,RU,63.8567,57.3094,12.27,91,100,9.1
496,Quelimane,MZ,-17.8786,36.8883,74.39,94,18,4.41
497,Watertown,US,42.3709,-71.1828,62.01,75,0,4.61
498,Puerto Montt,CL,-41.4698,-72.9447,56.23,100,75,3.44
499,Nouakchott,MR,18.0858,-15.9785,71.53,63,54,13.11
500,Wundanyi,KE,-3.4019,38.364,61.03,89,95,1.63
501,Maragogi,BR,-9.0122,-35.2225,76.06,89,13,6.29
502,Papetoai,PF,-17.4961,-149.8729,78.39,82,100,9.44
503,Raiganj,IN,25.6167,88.1167,62.1,57,3,4.88
504,Klaksvik,FO,62.2266,-6.589,50.92,94,100,19.53
505,Prince Rupert,CA,54.3161,-130.3201,40.69,79,100,13.8
506,Fare,PF,-16.7,-151.0167,76.26,84,100,15.64
507,Kerema,PG,-7.9631,145.7785,84.0,73,68,5.79
508,Sulangan,PH,11.1373,123.7228,82.67,79,59,10.78
509,Kishi,NG,9.0833,3.85,77.76,54,48,3.58
510,Ponta Delgada,PT,37.7333,-25.6667,61.52,67,75,11.5
511,Meridian,US,43.6121,-116.3915,36.45,68,0,6.91
512,Opuwo,NA,-18.0607,13.84,58.77,40,34,5.97
513,Biak,ID,-0.9131,122.8766,81.12,72,95,0.49
514,Xam Nua,LA,20.4197,104.0439,63.43,97,51,1.63
515,Gushikawa,JP,26.3544,127.8686,78.39,91,75,6.91
516,Comodoro Rivadavia,AR,-45.8667,-67.5,53.46,82,100,4.61
517,Garachine,PA,8.0647,-78.3628,77.7,89,100,8.97
518,Tazovskiy,RU,67.4667,78.7,-16.31,92,18,7.52
519,Wilmington,US,34.2257,-77.9447,69.85,86,0,8.05
520,Soe,ID,-9.8607,124.284,76.64,69,69,3.6
521,Caconda,AO,-13.7333,15.0667,56.93,76,16,3.62
522,Healdsburg,US,38.6105,-122.8692,61.48,57,75,4.61
523,Dondo,MZ,-19.6094,34.7431,72.55,94,62,2.75
524,Abashiri,JP,44.0213,144.2697,55.69,58,0,5.75
525,Conceicao Da Barra,BR,-18.5933,-39.7322,75.92,84,99,8.86
526,Moctezuma,MX,29.8,-109.6667,69.85,41,0,3.33
527,Saint-Georges,GD,12.0564,-61.7485,80.28,83,20,5.75
528,Carmen,MX,18.6333,-91.8333,82.44,78,0,9.22
529,Mizdah,LY,31.4451,12.9801,57.06,69,36,5.14
530,Ardatov,RU,55.2421,43.097,48.67,66,63,23.33
531,Cuamba,MZ,-14.8031,36.5372,74.39,53,52,3.83
532,Garwa,IN,24.1833,83.8167,57.24,62,5,3.65
533,Constitucion,CL,-35.3333,-72.4167,53.71,90,23,8.03
534,Bentong,MY,3.5181,101.9079,76.44,97,100,0.89
535,Collie,AU,-33.3667,116.15,56.46,55,51,8.01
536,Bilma,NE,18.6853,12.9164,67.6,30,2,8.55
537,Meadville,US,41.6414,-80.1515,37.06,96,100,1.99
538,Kununurra,AU,-15.7667,128.7333,93.18,43,50,9.22
539,Waitati,NZ,-45.75,170.5667,60.8,63,73,7.07
540,Lakhdenpokhya,RU,61.5198,30.1992,43.47,66,46,20.87
541,Antofagasta,CL,-23.65,-70.4,61.88,79,13,5.37
542,Kota Bahru,MY,6.1333,102.2386,76.95,94,20,3.44
543,Sovetskiy,RU,61.3614,63.5842,7.93,95,75,6.51
544,Huron,US,41.1501,-82.5499,34.02,90,98,11.07
545,Radford,US,37.1318,-80.5764,55.35,85,100,13.8
546,Ambunti,PG,-4.2365,142.8448,75.24,98,100,0.76
547,Umtata,ZA,-31.5889,28.7844,65.32,82,100,7.52
548,Verkhnevilyuysk,RU,63.4453,120.3167,-1.86,92,77,10.13
549,Poya,NC,-21.35,165.15,76.41,76,83,12.82
550,Bressuire,FR,46.9167,-0.5,53.51,83,58,6.33
551,Khargone,IN,21.8167,75.6,64.99,55,2,5.79
552,Skegness,GB,53.1436,0.3363,53.35,88,53,9.4
553,Folldal,NO,62.1325,9.9968,33.58,97,86,3.27
554,Belmonte,BR,-15.8631,-38.8828,75.45,87,74,7.23
555,Salinas,US,36.6777,-121.6555,61.02,61,0,12.66
556,Nuuk,GL,64.1835,-51.7216,25.41,80,75,6.91
557,Iquique,CL,-20.2208,-70.1431,62.64,80,24,6.44
558,Pitimbu,BR,-7.4706,-34.8086,75.79,83,37,8.28
559,Wajima,JP,37.4,136.9,65.08,72,0,12.66
560,Windham,US,41.8334,-72.0001,57.67,81,0,3.44
561,Tomatlan,MX,19.9333,-105.25,76.35,79,0,3.27
562,South Lake Tahoe,US,38.9332,-119.9844,38.61,60,100,5.75
563,Yenagoa,NG,4.9247,6.2642,75.54,93,71,4.14
564,Sisimiut,GL,66.9395,-53.6735,15.82,79,88,5.97
565,Erenhot,CN,43.6475,111.9767,26.13,63,0,11.32
566,Suffolk,US,40.8668,-72.7996,62.19,86,0,0.0
567,Durant,US,33.994,-96.3708,44.96,46,0,0.0
568,Nelson Bay,AU,-32.7167,152.15,81.09,74,82,11.99
569,Katangli,RU,51.7102,143.2326,22.69,72,46,6.8
570,Huaiyin,CN,33.5886,119.0192,49.69,61,99,13.22
571,Hamilton,US,39.1834,-84.5333,33.44,88,100,6.91
572,Verkhnyaya Inta,RU,65.9811,60.3094,6.73,82,100,10.16
573,Shaunavon,CA,49.6501,-108.4181,19.18,93,100,3.18
574,Talakan,RU,50.3167,130.3667,12.43,81,32,2.53
575,Talas,TR,38.6908,35.5538,29.07,86,0,4.61
576,Puerto Suarez,BO,-18.95,-57.8,81.07,61,67,6.44
577,Victor Harbor,AU,-35.5667,138.6167,66.0,74,54,5.01
578,Svetlaya,RU,46.5389,138.3297,32.31,96,100,23.13
579,Huicheng,CN,23.0385,116.2899,74.71,80,0,4.97
580,Leirvik,NO,59.7798,5.5005,52.63,75,98,5.14
581,Itupiranga,BR,-5.1347,-49.3267,79.12,88,74,3.06
582,Wattegama,LK,6.7989,81.4808,72.99,94,100,1.68
583,Sinnamary,GF,5.3833,-52.95,78.37,86,100,7.85
584,Ukiah,US,39.1502,-123.2078,55.44,81,100,5.75
585,Harper,LR,4.375,-7.7169,77.45,88,56,6.13
586,Porto Novo,BJ,6.4965,2.6036,78.13,87,99,6.11
587,Sakakah,SA,29.9697,40.2064,65.77,74,2,8.95
588,Cikupa,ID,-6.2364,106.5083,81.91,83,99,2.19
589,Taoudenni,ML,22.6783,-3.9836,75.4,17,0,11.56
590,Warin Chamrap,TH,15.1932,104.8628,73.22,100,0,4.61
591,Sur,OM,22.5667,59.5289,77.65,48,1,8.12
592,Umm Lajj,SA,25.0213,37.2685,78.13,58,0,7.34
593,Lomza,PL,53.1781,22.0593,52.83,85,100,6.06
594,Follonica,IT,42.9263,10.7616,63.91,62,66,12.06
595,Inuvik,CA,68.3499,-133.7218,14.86,85,75,6.91
596,Geraldton,AU,-28.7667,114.6,66.61,52,0,14.97
597,Turbat,PK,26.0023,63.044,77.59,53,9,2.82
598,Araceli,PH,10.5529,119.9913,84.07,79,7,17.47
599,Alice Springs,AU,-23.7,133.8833,80.15,36,5,8.05
600,North Bend,US,43.4065,-124.2243,52.86,87,0,12.66
601,Vilhena,BR,-12.7406,-60.1458,70.7,84,78,3.74
602,Dawlatabad,AF,36.4141,64.9053,47.84,52,100,2.84
603,Wardha,IN,20.75,78.6167,62.73,58,2,6.24
604,Izhma,RU,65.0083,53.9113,18.01,95,100,7.52
605,Marzuq,YE,14.4,46.4667,61.65,45,1,2.24
606,Lake Charles,US,30.2131,-93.2044,48.2,71,0,14.97
607,Pospelikha,RU,51.95,81.7667,33.69,98,100,20.96
608,Calabozo,VE,8.9242,-67.4293,76.06,89,98,3.11
609,Hereford,GB,52.0568,-2.7148,56.05,95,3,3.33
610,Kyabram,AU,-36.3167,145.05,73.83,77,100,10.8
611,Asfi,MA,32.2994,-9.2372,69.31,45,64,7.05
612,Bambanglipuro,ID,-7.95,110.2833,79.52,80,100,4.99
613,Saint-Francois,FR,46.4154,3.9054,45.84,93,100,4.61
614,Hoquiam,US,46.9809,-123.8893,50.95,75,9,4.32
615,Riyadh,SA,24.6877,46.7219,66.34,36,16,8.34
616,Bako,ET,5.7833,36.5667,65.1,69,89,3.49
617,Nabire,ID,-3.3667,135.4833,84.38,69,100,1.03
618,Hailun,CN,47.45,126.9333,22.75,48,0,6.96
619,Isiro,CD,2.7739,27.616,63.37,99,76,1.88
620,Sitka,US,57.0531,-135.33,46.29,87,100,18.41
621,Terney,RU,45.0503,136.6092,37.49,86,100,10.67
622,Bandarbeyla,SO,9.4942,50.8122,77.47,77,9,15.46
623,Chekalin,RU,54.0969,36.245,47.48,81,47,17.63
624,Kisangani,CD,0.5167,25.2,67.95,100,100,1.88
625,Guane,CU,22.2025,-84.0875,73.89,86,6,4.61
626,Sorland,NO,67.667,12.6934,44.46,80,100,6.87
627,Santa Cruz,BO,-17.8,-63.1667,78.26,83,79,11.5
628,Kibala,TD,9.1104,18.3463,74.91,34,5,2.42
629,Anadyr,RU,64.75,177.4833,1.9,85,75,2.24
630,Qui Nhon,VN,13.7667,109.2333,77.79,88,100,7.99
631,Taksimo,RU,56.3444,114.8794,5.31,86,96,0.49
632,Olavarria,AR,-36.8927,-60.3225,59.18,95,99,6.64
633,Muli,MV,2.9167,73.5667,81.34,78,100,15.59
634,Husavik,IS,66.0449,-17.3389,35.38,76,55,11.14
635,Vagur,FO,61.4732,-6.8119,48.27,98,100,20.98
636,London,GB,51.5085,-0.1257,55.76,96,100,4.61
637,Egvekinot,RU,66.3167,-179.1667,-1.75,90,100,2.26
638,Kyzyl-Suu,KG,42.3414,78.0056,23.77,57,3,10.0
639,Ust-Kut,RU,56.7938,105.7672,22.95,94,100,5.39
640,Port-Gentil,GA,-0.7193,8.7815,76.91,87,100,12.06
641,Matamoros,MX,25.5333,-103.25,73.51,34,0,10.36
642,Tevriz,RU,57.509,72.4042,27.14,93,100,2.77
643,Hualmay,PE,-11.0964,-77.6139,64.51,81,51,9.89
644,Puerto Penasco,MX,31.3167,-113.5333,66.9,31,42,6.02
645,Sao Jose Da Coroa Grande,BR,-8.8978,-35.1478,76.3,88,3,6.42
646,Mecca,SA,21.4267,39.8261,77.95,74,8,3.11
647,Namatanai,PG,-3.6667,152.4333,84.31,71,96,7.74
648,Nemuro,JP,43.3236,145.575,57.22,92,98,22.55
649,Mitu,CO,1.1983,-70.1733,73.08,97,100,1.63
650,Lugo,ES,43.0,-7.5,50.77,97,100,1.01
651,Umred,IN,20.85,79.3333,62.89,65,4,6.78
652,Kita,ML,13.0349,-9.4895,74.08,26,2,0.6
653,Altay,CN,47.8667,88.1167,25.63,71,100,3.98
654,Harrisonville,US,38.6533,-94.3488,27.32,73,0,6.46
655,Pierre,US,44.3683,-100.351,18.52,79,0,6.91
656,Novokizhinginsk,RU,51.6115,109.5917,14.0,90,47,3.42
657,Whittlesea,ZA,-32.1759,26.8244,60.15,88,100,4.97
658,Yuzhno-Kurilsk,RU,44.0306,145.8556,56.52,90,100,15.48
659,Teya,RU,60.3778,92.6267,21.43,97,100,3.56
660,Dwarka,IN,22.2394,68.9678,77.58,54,6,8.66
661,Northam,GB,51.0333,-4.2167,58.39,95,0,11.63
662,Pinotepa Nacional,MX,16.3167,-98.0167,75.81,87,99,2.24
663,Pafos,CY,34.7667,32.4167,58.78,58,0,10.36
664,Kijang,KR,35.2442,129.2139,71.33,71,33,8.84
665,Seoul,KR,37.5683,126.9778,52.99,81,75,9.22
666,Birin,NP,26.8865,88.0718,48.65,84,8,4.43
667,Olden,NO,61.8364,6.8064,47.14,85,99,6.67
668,Beringovskiy,RU,63.05,179.3167,10.96,98,100,7.72
669,Mirabad,AF,30.4362,61.8383,58.73,62,96,8.75
670,Montepuez,MZ,-13.1256,38.9997,66.83,91,0,1.45
